"k","edf","r_squared","moran_I","p_value"
100,78.8177752306481,0.258025101188278,-0.00661941667524936,0.990500348900696
