"mtry","mincriterion","ntree","oob_r2","oob_rmse"
2,0.9,500,0.405875859860084,0.345108510806318
3,0.9,500,0.413366474315323,0.34292607582225
4,0.9,500,0.416122885057067,0.342119475067269
2,0.95,500,0.401751117535128,0.346304406974647
3,0.95,500,0.408872063195095,0.344237209550596
4,0.95,500,0.411189084478786,0.343561900525005
2,0.99,500,0.394491226813064,0.348399313259203
3,0.99,500,0.402534027341263,0.346077733857965
4,0.99,500,0.40430832675078,0.345563476888457
